Section,EN,PL
Maths,"Maths in English

Exam confidence for IB students.

Taught online by Dr Rishi Handa, an English native speaker with a degree in Mathematics with Theoretical Physics from UCL and a PhD from SOAS.

At A Nice Cup of Tea,
Maths is not a worksheet maze.

It is

pattern  
structure  
proof  
the light-bulb moment a difficult idea becomes clear.

For IB students, international school students, and anyone preparing for Maths exams in English, the challenge is not only the mathematics.

It is

reading the question precisely  
using the right terminology  
explaining the method clearly  
thinking naturally in the language of the exam.

Dr Handa teaches both:

The Maths.
And the English of Maths.

What we help with

• IB Maths: Analysis & Approaches, Applications & Interpretation  
• international school Maths: British, American, and IB curricula  
• exam preparation and revision  
• algebra, geometry, functions, calculus, and mathematical reasoning  
• capable students who have hit a block  
• high-achievers who need stretch and challenge  
• students connecting Maths with Physics and higher-level study  
• students who need homework support, confidence-building, and long-term progress  

Dr Handa teaches at St James Independent School for Boys in London and brings an unusual blend of precision, imagination, and patience to every lesson.

His interdisciplinary background in mathematics, teaching, music, and film helps him explain difficult concepts in ways that click.

Book your free 60-minute consultation on WhatsApp.

We’ll talk about your child’s goals and show you exactly how Maths in English can make the difference.
",